{"train/episodic_return":10.890718460083008,"train/timeout_rate":0.8055555820465088,"train/success_rate":0.1388888955116272,"loss/entropy":-0.6038790941238403,"train/explore_reward_mean":0.00811920128762722,"global_step":49971200,"timeout_rate":0.8055555820465088,"episodic_return":10.890718460083008,"loss/value":0.03620213270187378,"episodic_length":1030.6944580078125,"out_of_bounds_rate":0.0555555559694767,"_timestamp":1.7734179301405182e+09,"success_rate":0.1388888955116272,"loss/actor":-6.599919288419187e-06,"train/out_of_bounds_rate":0.0555555559694767,"train/episodic_length":1030.6944580078125,"_wandb":{"runtime":450},"_step":49971200,"loss/total":0.018094466999173164,"_runtime":450.18496695}