{"success_rate":0.1388888955116272,"out_of_bounds_rate":0.8611111044883728,"loss/actor":-1.0216142982244492e-05,"episodic_return":-23.728174209594727,"global_step":499974144,"timeout_rate":0,"loss/entropy":-5.458499908447266,"train/timeout_rate":0,"train/episodic_return":-23.728174209594727,"_timestamp":1.7734142772864149e+09,"train/success_rate":0.1388888955116272,"_step":499974144,"_wandb":{"runtime":542},"train/episodic_length":902.8055419921875,"episodic_length":902.8055419921875,"train/out_of_bounds_rate":0.8611111044883728,"train/explore_reward_mean":0.006256560795009136,"_runtime":542.603420479,"loss/total":3.2470407485961914,"loss/value":6.4941020011901855}