{"global_step":4980736,"loss/entropy":1.1812801361083984,"_step":4980736,"_wandb":{"runtime":55},"train/success_rate":0.4893616735935211,"loss/actor":-0.00011653505498543382,"train/explore_reward_mean":0.014629516750574112,"train/episodic_return":51.289817810058594,"out_of_bounds_rate":0.12765957415103912,"train/timeout_rate":0.3829787075519562,"timeout_rate":0.3829787075519562,"_timestamp":1.7734167483428018e+09,"episodic_return":51.289817810058594,"loss/total":0.047288812696933746,"loss/value":0.09481069445610046,"episodic_length":826.6595458984375,"success_rate":0.4893616735935211,"train/episodic_length":826.6595458984375,"_runtime":55.064302618,"train/out_of_bounds_rate":0.12765957415103912}