{"episodic_length":1033.77783203125,"loss/total":0.03328273072838783,"train/success_rate":0.18518519401550293,"loss/entropy":1.2608346939086914,"loss/actor":-4.517900379141793e-06,"_timestamp":1.7734168732219822e+09,"train/episodic_return":14.637787818908691,"episodic_return":14.637787818908691,"_step":4980736,"loss/value":0.06657449901103973,"_wandb":{"runtime":53},"timeout_rate":0.8148148059844971,"global_step":4980736,"train/out_of_bounds_rate":0,"_runtime":53.919057289,"success_rate":0.18518519401550293,"train/explore_reward_mean":0.0046171569265425205,"out_of_bounds_rate":0,"train/episodic_length":1033.77783203125,"train/timeout_rate":0.8148148059844971}