{"_step":391643136,"loss/actor":-0.0005985991447232664,"train/explore_reward_mean":0.014299849979579449,"train/out_of_bounds_rate":0.09638554602861404,"train/episodic_return":35.53278732299805,"_wandb":{"runtime":865},"train/success_rate":0.34939759969711304,"train/timeout_rate":0.5542168617248535,"loss/entropy":-3.1104238033294678,"_runtime":865.413806048,"_timestamp":1.7734165945435424e+09,"loss/total":0.05035221204161644,"loss/value":0.03969315439462662,"train/episodic_length":854.85546875}