{"train/timeout_rate":0.7222222089767456,"_wandb":{"runtime":53},"_step":4980736,"train/success_rate":0.25,"train/episodic_length":917.5833129882812,"loss/value":0.09214170277118683,"_runtime":53.650229435,"episodic_length":917.5833129882812,"out_of_bounds_rate":0.02777777798473835,"_timestamp":1.7734173201446288e+09,"episodic_return":21.76264762878418,"loss/total":0.046062685549259186,"train/out_of_bounds_rate":0.02777777798473835,"train/episodic_return":21.76264762878418,"loss/entropy":1.2679592370986938,"loss/actor":-8.170129149220884e-06,"timeout_rate":0.7222222089767456,"success_rate":0.25,"train/explore_reward_mean":0.004863586276769638,"global_step":4980736}