{"train/success_rate":0.07692307978868484,"loss/total":1.451606035232544,"train/episodic_return":0.4777005910873413,"train/explore_reward_mean":0.003458568127825856,"_wandb":{"runtime":52},"_timestamp":1.7734133286777048e+09,"train/episodic_length":1130.4615478515625,"loss/actor":-3.958302841056138e-06,"_runtime":52.76548735,"loss/entropy":1.3559436798095703,"loss/value":2.9032201766967773,"train/timeout_rate":0.8846153616905212,"train/out_of_bounds_rate":0.03846153989434242,"_step":1998848}