{"_runtime":29.789946836,"loss/value":3.959322929382324,"global_step":19988480,"train/out_of_bounds_rate":0.03333333507180214,"_timestamp":1.773413698505974e+09,"train/episodic_return":4.03001070022583,"train/timeout_rate":0.8666667342185974,"out_of_bounds_rate":0.03333333507180214,"loss/entropy":1.0338505506515503,"loss/total":1.9796603918075562,"episodic_return":4.03001070022583,"train/episodic_length":1099.2000732421875,"train/success_rate":0.10000000894069672,"success_rate":0.10000000894069672,"_step":19988480,"loss/actor":-1.2077944120392203e-06,"timeout_rate":0.8666667342185974,"train/explore_reward_mean":0.004253997467458248,"_wandb":{"runtime":29},"episodic_length":1099.2000732421875}