{"loss/total":0.03828035295009613,"success_rate":0.625,"train/out_of_bounds_rate":0,"out_of_bounds_rate":0,"_wandb":{"runtime":466},"global_step":49971200,"_runtime":466.724553548,"train/episodic_return":70.90580749511719,"episodic_length":808.875,"_step":49971200,"episodic_return":70.90580749511719,"_timestamp":1.7734153787904105e+09,"loss/value":0.07667608559131622,"train/episodic_length":808.875,"loss/actor":-5.769084964413196e-05,"timeout_rate":0.375,"loss/entropy":-1.9635815620422363,"train/explore_reward_mean":0.014267119579017162,"train/success_rate":0.625,"train/timeout_rate":0.375}