{"timeout_rate":0.7142857313156128,"loss/value":9.791336059570312,"train/episodic_length":972.05712890625,"train/timeout_rate":0.7142857313156128,"_step":1998848,"loss/actor":-1.3922690413892269e-05,"global_step":1998848,"loss/total":4.895654201507568,"_timestamp":1.7734135717901115e+09,"out_of_bounds_rate":0.08571428805589676,"train/episodic_return":11.916864395141602,"train/out_of_bounds_rate":0.08571428805589676,"loss/entropy":1.3651899099349976,"_wandb":{"runtime":10},"_runtime":10.603401282,"episodic_return":11.916864395141602,"episodic_length":972.05712890625,"train/explore_reward_mean":0.003255462506785989,"success_rate":0.20000000298023224,"train/success_rate":0.20000000298023224}